Workbook

Sheet Sheet1
A1: Location | B1: Basic 3PL
A3: Row Labels | B3: Sum of Committed (not editable) | C3: Sum of Available (not editable) | D3: Sum of On hand (current)
A4: FD-ULGHTBNE-GRY-1 | B4: 78 | C4: 19905 | D4: 19983 | E4: =VLOOKUP(A4,Sheet2!C:D,2,FALSE) -> 85.666667
A5: FD-ULGHTBNE-BLK-1 | B5: 84 | C5: 12770 | D5: 12854 | E5: =VLOOKUP(A5,Sheet2!C:D,2,FALSE) -> 81.5
A6: FD-ULGHTBNE-NVY-1 | B6: 12 | C6: 11162 | D6: 11174 | E6: =VLOOKUP(A6,Sheet2!C:D,2,FALSE) -> 85.666667
A7: FD2-UBNE-GRY-1 | B7: 17 | C7: 7242 | D7: 7259 | E7: =VLOOKUP(A7,Sheet2!C:D,2,FALSE) -> 96
A8: FD2-UBNE-BLK-1 | B8: 32 | C8: 5555 | D8: 5587 | E8: =VLOOKUP(A8,Sheet2!C:D,2,FALSE) -> 96
A9: FD-ULGHTBNE-WHT-1 | B9: 13 | C9: 5518 | D9: 5531 | E9: =VLOOKUP(A9,Sheet2!C:D,2,FALSE) -> 81.5
A10: FD-UCAP-BLK-1 | B10: 49 | C10: 4932 | D10: 4981 | E10: =VLOOKUP(A10,Sheet2!C:D,2,FALSE) -> 101
A11: FD2-UBNE-WHT-1 | B11: 4 | C11: 1397 | D11: 1401 | E11: =VLOOKUP(A11,Sheet2!C:D,2,FALSE) -> 98
A12: FD-UCAP-LIVY-1 | B12: 2 | C12: 1217 | D12: 1219 | E12: =VLOOKUP(A12,Sheet2!C:D,2,FALSE) -> 98
A13: FD-UCAP-CSMR-1 | B13: 3 | C13: 1150 | D13: 1153 | E13: =VLOOKUP(A13,Sheet2!C:D,2,FALSE) -> 98
A14: FD2-MBRF-BLK-M | B14: 15 | C14: 1006 | D14: 1021 | E14: =VLOOKUP(A14,Sheet2!C:D,2,FALSE) -> 86
A15: FD-ULGHTBNE-GRY-TOD | B15: 3 | C15: 960 | D15: 963 | E15: =VLOOKUP(A15,Sheet2!C:D,2,FALSE) -> 77.333333
... A194: FD-WTNK-BWHT-L | B194: 0 | C194: 0 | D194: 0 | E194: =VLOOKUP(A194,Sheet2!C:D,2,FALSE) -> 99
A195: Grand Total | B195: 545 | C195: 86878 | D195: 87423

Sheet Total Inventory
A2: SKU | B2: Location | C2: Type | D2: Available Inventory | E2: On hand Inventory | F2: Price per Unit | G2: Total Value (On Hand Inventory)
A3: SKU 1 | B3: Warehouse 1 | C3: Finished Goods | D3: 19905 | E3: 19983 | F3: 14.22 | G3: =IFERROR(F3*E3,0) -> 284158.26
A4: SKU 2 | B4: Warehouse 1 | C4: Finished Goods | D4: 12770 | E4: 12854 | F4: 14.22 | G4: =IFERROR(F4*E4,0) -> 182783.88
A5: SKU 3 | B5: Warehouse 1 | C5: Finished Goods | D5: 11162 | E5: 11174 | F5: 14.22 | G5: =IFERROR(F5*E5,0) -> 158894.28
A6: SKU 4 | B6: Warehouse 1 | C6: Finished Goods | D6: 7242 | E6: 7259 | F6: 14.08 | G6: =IFERROR(F6*E6,0) -> 102206.72
A7: SKU 5 | B7: Warehouse 1 | C7: Finished Goods | D7: 5555 | E7: 5587 | F7: 14.08 | G7: =IFERROR(F7*E7,0) -> 78664.96
A8: SKU 6 | B8: Warehouse 1 | C8: Finished Goods | D8: 5518 | E8: 5531 | F8: 14.22 | G8: =IFERROR(F8*E8,0) -> 78650.82
A9: SKU 7 | B9: Warehouse 1 | C9: Finished Goods | D9: 422 | E9: 424 | F9: 153.46 | G9: =IFERROR(F9*E9,0) -> 65067.04
A10: SKU 8 | B10: Warehouse 1 | C10: Finished Goods | D10: 407 | E10: 408 | F10: 150.46 | G10: =IFERROR(F10*E10,0) -> 61387.68
A11: SKU 9 | B11: Warehouse 1 | C11: Finished Goods | D11: 406 | E11: 406 | F11: 150.46 | G11: =IFERROR(F11*E11,0) -> 61086.76
A12: SKU 10 | B12: Warehouse 1 | C12: Finished Goods | D12: 388 | E12: 393 | F12: 153.46 | G12: =IFERROR(F12*E12,0) -> 60309.78
A13: SKU 11 | B13: Warehouse 1 | C13: Finished Goods | D13: 4932 | E13: 4981 | F13: 10.48 | G13: =IFERROR(F13*E13,0) -> 52200.88
A14: SKU 12 | B14: Warehouse 1 | C14: Finished Goods | D14: 270 | E14: 276 | F14: 114.01 | G14: =IFERROR(F14*E14,0) -> 31466.76
... A118: SKU 116 | B118: Warehouse 2 | C118: Packaging | D118: 0 | E118: 1 | F118: 10.48 | G118: =IFERROR(F118*E118,0) -> 10.48
A119: SKU 117 | B119: Warehouse 2 | C119: Packaging | D119: 1 | E119: 1 | F119: TBC | G119: =IFERROR(F119*E119,0) -> 0
A120: SKU 118 | B120: Warehouse 2 | C120: Packaging | D120: 1 | E120: 1 | F120: TBC | G120: =IFERROR(F120*E120,0) -> 0
A121: SKU 119 | B121: Warehouse 2 | C121: Packaging | D121: 1 | E121: 1 | F121: TBC | G121: =IFERROR(F121*E121,0) -> 0
A122: SKU 120 | B122: Warehouse 2 | C122: Packaging | D122: 0 | E122: 2 | F122: TBC | G122: =IFERROR(F122*E122,0) -> 0
A123: Total | G123: =SUM(G3:G122) -> 1697548.5

Sheet Sheet3
A1: Product Title,Variant Title,SKU,Cost of Goods (USD) | B1: Product Title | C1: Variant Title | D1: SKU | E1: Cost of Goods (USD)
A2: WaveStopper™ Beanie,Black Ribbed,FD2-UBNE-BLK-1,14.08 | B2: WaveStopper™ Beanie | C2: Black Ribbed | D2: FD2-UBNE-BLK-1 | E2: 14.08
A3: WaveStopper™ Beanie,Grey Ribbed,FD2-UBNE-GRY-1,14.08 | B3: WaveStopper™ Beanie | C3: Grey Ribbed | D3: FD2-UBNE-GRY-1 | E3: 14.08
A4: WaveStopper™ Beanie,White Ribbed,FD2-UBNE-WHT-1,14.08 | B4: WaveStopper™ Beanie | C4: White Ribbed | D4: FD2-UBNE-WHT-1 | E4: 14.08
A5: WaveStopper™ Beanie,Blue Ribbed,FD2-UBNE-NAV-1,14.08 | B5: WaveStopper™ Beanie | C5: Blue Ribbed | D5: FD2-UBNE-NAV-1 | E5: 14.08
A6: WaveStopper™ Beanie,Chestnut Ribbed,FD2-UBNE-CHT-1,14.08 | B6: WaveStopper™ Beanie | C6: Chestnut Ribbed | D6: FD2-UBNE-CHT-1 | E6: 14.08
A7: WaveStopper™ Beanie,Beige Ribbed,FD2-UBNE-BEI-1,14.08 | B7: WaveStopper™ Beanie | C7: Beige Ribbed | D7: FD2-UBNE-BEI-1 | E7: 14.08
A8: WaveStopper™ Beanie,Forest Green,FD2-UBNE-GRN-1,14.08 | B8: WaveStopper™ Beanie | C8: Forest Green | D8: FD2-UBNE-GRN-1 | E8: 14.08
A9: WaveStopper™ Beanie,Red Ribbed,STYL1-UBNE-RD-1,14.08 | B9: WaveStopper™ Beanie | C9: Red Ribbed | D9: STYL1-UBNE-RD-1 | E9: 14.08
A10: WaveStopper™ Cap,Carbon Black,FD-UCAP-BLK-1,10.48 | B10: WaveStopper™ Cap | C10: Carbon Black | D10: FD-UCAP-BLK-1 | E10: 10.48
A11: WaveStopper™ Cap,Beige,FD-UCAP-CSMR-1,10.48 | B11: WaveStopper™ Cap | C11: Beige | D11: FD-UCAP-CSMR-1 | E11: 10.48
A12: WaveStopper™ Cap,Navy Blue,FD-UCAP-NVY-1,10.48 | B12: WaveStopper™ Cap | C12: Navy Blue | D12: FD-UCAP-NVY-1 | E12: 10.48
A13: WaveStopper™ Cap,White Ivory,FD-UCAP-LIVY-1,10.48 | B13: WaveStopper™ Cap | C13: White Ivory | D13: FD-UCAP-LIVY-1 | E13: 10.48
... A91: WaveStopper™ Lightweight Beanie,Black / Adult,FD-ULGHTBNE-BLK-1,14.22 | B91: WaveStopper™ Lightweight Beanie | C91: Black / Adult | D91: FD-ULGHTBNE-BLK-1 | E91: 14.22
A92: WaveStopper™ Lightweight Beanie,Black / Kids (3-12 Years),,14.22 | B92: WaveStopper™ Lightweight Beanie | C92: Black / Kids (3-12 Years) | D92: 14.22
A93: WaveStopper™ Lightweight Beanie,Heather Grey / Adult,FD-ULGHTBNE-GRY-1,14.22 | B93: WaveStopper™ Lightweight Beanie | C93: Heather Grey / Adult | D93: FD-ULGHTBNE-GRY-1 | E93: 14.22
A94: WaveStopper™ Lightweight Beanie,Heather Grey / Kids (3-12 Years),FD-ULGHTBNE-GRY-TOD,11.7 | B94: WaveStopper™ Lightweight Beanie | C94: Heather Grey / Kids (3-12 Years) | D94: FD-ULGHTBNE-GRY-TOD | E94: 11.7
A95: WaveStopper™ Lightweight Beanie,White / Adult,FD-ULGHTBNE-WHT-1,14.22 | B95: WaveStopper™ Lightweight Beanie | C95: White / Adult | D95: FD-ULGHTBNE-WHT-1 | E95: 14.22
A96: WaveStopper™ Lightweight Beanie,White / Kids (3-12 Years),,14.22 | B96: WaveStopper™ Lightweight Beanie | C96: White / Kids (3-12 Years) | D96: 14.22
A97: WaveStopper™ Lightweight Beanie,Navy Blue / Adult,FD-ULGHTBNE-NVY-1,14.22 | B97: WaveStopper™ Lightweight Beanie | C97: Navy Blue / Adult | D97: FD-ULGHTBNE-NVY-1 | E97: 14.22
A98: WaveStopper™ Lightweight Beanie,Navy Blue / Kids (3-12 Years),,14.22 | B98: WaveStopper™ Lightweight Beanie | C98: Navy Blue / Kids (3-12 Years) | D98: 14.22
A99: WaveStopper™ Lightweight Beanie,Dark Grey / Adult,FD-ULGHTBNE-DRKGRY-1,14.22 | B99: WaveStopper™ Lightweight Beanie | C99: Dark Grey / Adult | D99: FD-ULGHTBNE-DRKGRY-1 | E99: 14.22
A100: WaveStopper™ Lightweight Beanie,Forest Green / Adult,FD-ULGHTBNE-GRN-1,14.22 | B100: WaveStopper™ Lightweight Beanie | C100: Forest Green / Adult | D100: FD-ULGHTBNE-GRN-1 | E100: 14.22
A101: WaveStopper™ Lightweight Beanie,Forest Green / Kids (3-12 Years),,14.22 | B101: WaveStopper™ Lightweight Beanie | C101: Forest Green / Kids (3-12 Years) | D101: 14.22
A102: WaveStopper™ Lightweight Beanie,Saffron / Adult,FD-ULGHTBNE-SFN-1,14.22 | B102: WaveStopper™ Lightweight Beanie | C102: Saffron / Adult | D102: FD-ULGHTBNE-SFN-1 | E102: 14.22
A103: WaveStopper™ Lightweight Beanie,Saffron / Kids (3-12 Years),,14.22 | B103: WaveStopper™ Lightweight Beanie | C103: Saffron / Kids (3-12 Years) | D103: 14.22
A104: WaveStopper™ Lightweight Beanie,Chestnut Brown / Adult,FD-ULGHTBNE-BRWN-1,14.22 | B104: WaveStopper™ Lightweight Beanie | C104: Chestnut Brown / Adult | D104: FD-ULGHTBNE-BRWN-1 | E104: 14.22
A105: WaveStopper™ Lightweight Beanie,Chestnut Brown / Kids (3-12 Years),,14.22 | B105: WaveStopper™ Lightweight Beanie | C105: Chestnut Brown / Kids (3-12 Years) | D105: 14.22
A106: WaveStopper™ Lightweight Beanie,Beige / Adult,FD-ULGHTBNE-BEI-1,14.22 | B106: WaveStopper™ Lightweight Beanie | C106: Beige / Adult | D106: FD-ULGHTBNE-BEI-1 | E106: 14.22
A107: WaveStopper™ Lightweight Beanie,Beige / Kids (3-12 Years),,14.22 | B107: WaveStopper™ Lightweight Beanie | C107: Beige / Kids (3-12 Years) | D107: 14.22
A108: WaveStopper™ Lightweight Beanie,Dusty Rose / Adult,FD-ULGHTBNE-ROS-1,14.22 | B108: WaveStopper™ Lightweight Beanie | C108: Dusty Rose / Adult | D108: FD-ULGHTBNE-ROS-1 | E108: 14.22
A109: WaveStopper™ Lightweight Beanie,Dusty Rose / Kids (3-12 Years),,14.22 | B109: WaveStopper™ Lightweight Beanie | C109: Dusty Rose / Kids (3-12 Years) | D109: 14.22
A110: WaveStopper™ Lightweight Beanie,Slate Blue / Adult,FD-ULGHTBNE-BLU-1,14.22 | B110: WaveStopper™ Lightweight Beanie | C110: Slate Blue / Adult | D110: FD-ULGHTBNE-BLU-1 | E110: 14.22
A111: WaveStopper™ Lightweight Beanie,Slate Blue / Kids (3-12 Years),,14.22 | B111: WaveStopper™ Lightweight Beanie | C111: Slate Blue / Kids (3-12 Years) | D111: 14.22
A112: WaveStopper™ Performance Cap,Heather Grey,FD-UCAP-HGRY-1,10.48 | B112: WaveStopper™ Performance Cap | C112: Heather Grey | D112: FD-UCAP-HGRY-1 | E112: 10.48
A113: WaveStopper™ Performance Cap,Heather Black,FD-PCAP-BLK-1,10.48 | B113: WaveStopper™ Performance Cap | C113: Heather Black | D113: FD-PCAP-BLK-1 | E113: 10.48
A114: WaveStopper™ Performance Cap,Navy Blue,FD-PCAP-NVY-1,10.48 | B114: WaveStopper™ Performance Cap | C114: Navy Blue | D114: FD-PCAP-NVY-1 | E114: 10.48
A115: WaveStopper™ Performance Cap,Forest Green,FD-PCAP-FGRN-1,10.48 | B115: WaveStopper™ Performance Cap | C115: Forest Green | D115: FD-PCAP-FGRN-1 | E115: 10.48
A116: 15% CashBack - 30% Boosted,Redeem cash or credit,fondue-cashback-sku-1715041918, | B116: 15% CashBack - 30% Boosted | C116: Redeem cash or credit | D116: fondue-cashback-sku-1715041918
A117: WaveStopper™ Blanket,Beige / Premium Cotton / Medium,FD2-BLKT-BEI,81.88 | B117: WaveStopper™ Blanket | C117: Beige / Premium Cotton / Medium | D117: FD2-BLKT-BEI | E117: 81.88
A118: WaveStopper™ Blanket,Beige / Premium Cotton / Large,FD2-BLKT-BEI-LARG,153.46 | B118: WaveStopper™ Blanket | C118: Beige / Premium Cotton / Large | D118: FD2-BLKT-BEI-LARG | E118: 153.46
A119: WaveStopper™ Blanket,Beige / Original SoftBlend / Medium,FD-BLKT-BEI,78.88 | B119: WaveStopper™ Blanket | C119: Beige / Original SoftBlend / Medium | D119: FD-BLKT-BEI | E119: 78.88
A120: WaveStopper™ Blanket,Beige / Original SoftBlend / Large,FD-BLKT-BEI-LARG,150.46 | B120: WaveStopper™ Blanket | C120: Beige / Original SoftBlend / Large | D120: FD-BLKT-BEI-LARG | E120: 150.46
A121: WaveStopper™ Blanket,Heather Grey / Premium Cotton / Medium,FD2-BLKT-GRY,81.88 | B121: WaveStopper™ Blanket | C121: Heather Grey / Premium Cotton / Medium | D121: FD2-BLKT-GRY | E121: 81.88
A122: WaveStopper™ Blanket,Heather Grey / Premium Cotton / Large,FD2-BLKT-GRY-LARG,153.46 | B122: WaveStopper™ Blanket | C122: Heather Grey / Premium Cotton / Large | D122: FD2-BLKT-GRY-LARG | E122: 153.46
A123: WaveStopper™ Blanket,Heather Grey / Original SoftBlend / Medium,FD-BLKT-GRY,78.88 | B123: WaveStopper™ Blanket | C123: Heather Grey / Original SoftBlend / Medium | D123: FD-BLKT-GRY | E123: 78.88
A124: WaveStopper™ Blanket,Heather Grey / Original SoftBlend / Large,FD-BLKT-GRY-LARG,150.46 | B124: WaveStopper™ Blanket | C124: Heather Grey / Original SoftBlend / Large | D124: FD-BLKT-GRY-LARG | E124: 150.46
A125: WaveStopper™ Blanket,Burgundy / Premium Cotton / Medium,FD2-BLKT-BORD,81.88 | B125: WaveStopper™ Blanket | C125: Burgundy / Premium Cotton / Medium | D125: FD2-BLKT-BORD | E125: 81.88
A126: WaveStopper™ Blanket,Burgundy / Premium Cotton / Large,FD2-BLKT-BORD-LARG,153.46 | B126: WaveStopper™ Blanket | C126: Burgundy / Premium Cotton / Large | D126: FD2-BLKT-BORD-LARG | E126: 153.46
A127: WaveStopper™ Blanket,Burgundy / Original SoftBlend / Medium,FD-BLKT-BORD,78.88 | B127: WaveStopper™ Blanket | C127: Burgundy / Original SoftBlend / Medium | D127: FD-BLKT-BORD | E127: 78.88
A128: WaveStopper™ Blanket,Burgundy / Original SoftBlend / Large,FD-BLKT-BORD-LARG,150.46 | B128: WaveStopper™ Blanket | C128: Burgundy / Original SoftBlend / Large | D128: FD-BLKT-BORD-LARG | E128: 150.46
... A181: HAVN WaveStopper™ Beanie,Black Ribbed,FD2-UBNE-BLK-1,14.08 | B181: HAVN WaveStopper™ Beanie | C181: Black Ribbed | D181: FD2-UBNE-BLK-1 | E181: 14.08

Sheet Sheet2
C3: Row Labels | D3: Average of Variant Price
C4: antibacterial-socks-2-pack | D4: 29
C5: BBG-CLR-1 | D5: 89
C6: BBG-TTS-1 | D6: 89
C7: FD2-BLKT-BEI | D7: 318
C8: FD2-BLKT-BEI-LARG | D8: 598
C9: FD2-BLKT-BORD | D9: 318
C10: FD2-BLKT-BORD-LARG | D10: 598
C11: FD2-BLKT-GRY | D11: 318
C12: FD2-BLKT-GRY-LARG | D12: 598
C13: FD2-BLKT-NAVY | D13: 318
C14: FD2-BLKT-NAVY-LARG | D14: 598
C15: FD2-MBRF-BLK-L | D15: 86
... C200: Grand Total | D200: 182.6

Sheet inventory_export_1
A1: Handle | B1: Title | C1: Option1 Name | D1: Option1 Value | E1: Option2 Name | F1: Option2 Value | G1: Option3 Name | H1: Option3 Value | I1: SKU | J1: HS Code | K1: COO | L1: Location | M1: Bin name | N1: Incoming (not editable) | O1: Unavailable (not editable) | P1: Committed (not editable) | Q1: Available (not editable) | R1: On hand (current) | S1: On hand (new)
A2: wavestopper-blanket | B2: WaveStopperâ„¢ Blanket | C2: Color | D2: Burgundy | E2: Fabric | F2: Original SoftBlend | G2: Size | H2: Medium 59"x36" | I2: FD-BLKT-BORD | L2: Shipmonk | N2: 0 | O2: 0 | P2: 0 | Q2: 0 | R2: 0
A3: wavestopper-blanket | B3: WaveStopperâ„¢ Blanket | C3: Color | D3: Burgundy | E3: Fabric | F3: Original SoftBlend | G3: Size | H3: Medium 59"x36" | I3: FD-BLKT-BORD | L3: Santa Monica Office | N3: 0 | O3: 0 | P3: 0 | Q3: 0 | R3: 0
A4: wavestopper-blanket | B4: WaveStopperâ„¢ Blanket | C4: Color | D4: Burgundy | E4: Fabric | F4: Original SoftBlend | G4: Size | H4: Medium 59"x36" | I4: FD-BLKT-BORD | L4: Fondue Fulfillment | N4: not stocked | O4: not stocked | P4: not stocked | Q4: not stocked | R4: not stocked
A5: wavestopper-blanket | B5: WaveStopperâ„¢ Blanket | C5: Color | D5: Burgundy | E5: Fabric | F5: Original SoftBlend | G5: Size | H5: Medium 59"x36" | I5: FD-BLKT-BORD | L5: Basic 3PL | N5: 0 | O5: 0 | P5: 0 | Q5: 0 | R5: 0
A6: wavestopper-blanket | B6: WaveStopperâ„¢ Blanket | C6: Color | D6: Beige | E6: Fabric | F6: Original SoftBlend | G6: Size | H6: Medium 59"x36" | I6: FD-BLKT-BEI | L6: Shipmonk | N6: 0 | O6: 0 | P6: 0 | Q6: 0 | R6: 0
A7: wavestopper-blanket | B7: WaveStopperâ„¢ Blanket | C7: Color | D7: Beige | E7: Fabric | F7: Original SoftBlend | G7: Size | H7: Medium 59"x36" | I7: FD-BLKT-BEI | L7: Santa Monica Office | N7: 0 | O7: 0 | P7: 0 | Q7: 0 | R7: 0
A8: wavestopper-blanket | B8: WaveStopperâ„¢ Blanket | C8: Color | D8: Beige | E8: Fabric | F8: Original SoftBlend | G8: Size | H8: Medium 59"x36" | I8: FD-BLKT-BEI | L8: Fondue Fulfillment | N8: not stocked | O8: not stocked | P8: not stocked | Q8: not stocked | R8: not stocked
A9: wavestopper-blanket | B9: WaveStopperâ„¢ Blanket | C9: Color | D9: Beige | E9: Fabric | F9: Original SoftBlend | G9: Size | H9: Medium 59"x36" | I9: FD-BLKT-BEI | L9: Basic 3PL | N9: 0 | O9: 0 | P9: 0 | Q9: 0 | R9: 0
A10: wavestopper-blanket | B10: WaveStopperâ„¢ Blanket | C10: Color | D10: Royal Blue | E10: Fabric | F10: Original SoftBlend | G10: Size | H10: Large 70"x60" | I10: FD-BLKT-NAVY-LARG | L10: Shipmonk | N10: 0 | O10: 0 | P10: 0 | Q10: 0 | R10: 0
A11: wavestopper-blanket | B11: WaveStopperâ„¢ Blanket | C11: Color | D11: Royal Blue | E11: Fabric | F11: Original SoftBlend | G11: Size | H11: Large 70"x60" | I11: FD-BLKT-NAVY-LARG | L11: Santa Monica Office | N11: 0 | O11: 0 | P11: 0 | Q11: 0 | R11: 0
A12: wavestopper-blanket | B12: WaveStopperâ„¢ Blanket | C12: Color | D12: Royal Blue | E12: Fabric | F12: Original SoftBlend | G12: Size | H12: Large 70"x60" | I12: FD-BLKT-NAVY-LARG | L12: Fondue Fulfillment | N12: not stocked | O12: not stocked | P12: not stocked | Q12: not stocked | R12: not stocked
A13: wavestopper-blanket | B13: WaveStopperâ„¢ Blanket | C13: Color | D13: Royal Blue | E13: Fabric | F13: Original SoftBlend | G13: Size | H13: Large 70"x60" | I13: FD-BLKT-NAVY-LARG | L13: Basic 3PL | N13: 0 | O13: 0 | P13: 0 | Q13: 0 | R13: 0
A14: wavestopper-blanket | B14: WaveStopperâ„¢ Blanket | C14: Color | D14: Burgundy | E14: Fabric | F14: Original SoftBlend | G14: Size | H14: Large 70"x60" | I14: FD-BLKT-BORD-LARG | L14: Shipmonk | N14: 0 | O14: 0 | P14: 0 | Q14: 0 | R14: 0
A15: wavestopper-blanket | B15: WaveStopperâ„¢ Blanket | C15: Color | D15: Burgundy | E15: Fabric | F15: Original SoftBlend | G15: Size | H15: Large 70"x60" | I15: FD-BLKT-BORD-LARG | L15: Santa Monica Office | N15: 0 | O15: 0 | P15: 0 | Q15: 0 | R15: 0
A16: wavestopper-blanket | B16: WaveStopperâ„¢ Blanket | C16: Color | D16: Burgundy | E16: Fabric | F16: Original SoftBlend | G16: Size | H16: Large 70"x60" | I16: FD-BLKT-BORD-LARG | L16: Fondue Fulfillment | N16: not stocked | O16: not stocked | P16: not stocked | Q16: not stocked | R16: not stocked
A17: wavestopper-blanket | B17: WaveStopperâ„¢ Blanket | C17: Color | D17: Burgundy | E17: Fabric | F17: Original SoftBlend | G17: Size | H17: Large 70"x60" | I17: FD-BLKT-BORD-LARG | L17: Basic 3PL | N17: 0 | O17: 0 | P17: 0 | Q17: 0 | R17: 0
A18: wavestopper-blanket | B18: WaveStopperâ„¢ Blanket | C18: Color | D18: Beige | E18: Fabric | F18: Original SoftBlend | G18: Size | H18: Large 70"x60" | I18: FD-BLKT-BEI-LARG | L18: Shipmonk | N18: 0 | O18: 0 | P18: 0 | Q18: 0 | R18: 0
A19: wavestopper-blanket | B19: WaveStopperâ„¢ Blanket | C19: Color | D19: Beige | E19: Fabric | F19: Original SoftBlend | G19: Size | H19: Large 70"x60" | I19: FD-BLKT-BEI-LARG | L19: Santa Monica Office | N19: 0 | O19: 0 | P19: 0 | Q19: 0 | R19: 0
A20: wavestopper-blanket | B20: WaveStopperâ„¢ Blanket | C20: Color | D20: Beige | E20: Fabric | F20: Original SoftBlend | G20: Size | H20: Large 70"x60" | I20: FD-BLKT-BEI-LARG | L20: Fondue Fulfillment | N20: not stocked | O20: not stocked | P20: not stocked | Q20: not stocked | R20: not stocked
A21: wavestopper-blanket | B21: WaveStopperâ„¢ Blanket | C21: Color | D21: Beige | E21: Fabric | F21: Original SoftBlend | G21: Size | H21: Large 70"x60" | I21: FD-BLKT-BEI-LARG | L21: Basic 3PL | N21: 0 | O21: 0 | P21: 0 | Q21: 168 | R21: 168
A22: wavestopper-blanket | B22: WaveStopperâ„¢ Blanket | C22: Color | D22: Heather Grey | E22: Fabric | F22: Premium Cotton | G22: Size | H22: Medium 59"x36" | I22: FD2-BLKT-GRY | L22: Shipmonk | N22: 0 | O22: 0 | P22: 0 | Q22: 0 | R22: 0
A23: wavestopper-blanket | B23: WaveStopperâ„¢ Blanket | C23: Color | D23: Heather Grey | E23: Fabric | F23: Premium Cotton | G23: Size | H23: Medium 59"x36" | I23: FD2-BLKT-GRY | L23: Santa Monica Office | N23: 0 | O23: 0 | P23: 0 | Q23: 0 | R23: 0
A24: wavestopper-blanket | B24: WaveStopperâ„¢ Blanket | C24: Color | D24: Heather Grey | E24: Fabric | F24: Premium Cotton | G24: Size | H24: Medium 59"x36" | I24: FD2-BLKT-GRY | L24: Fondue Fulfillment | N24: not stocked | O24: not stocked | P24: not stocked | Q24: not stocked | R24: not stocked
A25: wavestopper-blanket | B25: WaveStopperâ„¢ Blanket | C25: Color | D25: Heather Grey | E25: Fabric | F25: Premium Cotton | G25: Size | H25: Medium 59"x36" | I25: FD2-BLKT-GRY | L25: Basic 3PL | N25: 0 | O25: 0 | P25: 12 | Q25: 232 | R25: 244
A26: wavestopper-blanket | B26: WaveStopperâ„¢ Blanket | C26: Color | D26: Royal Blue | E26: Fabric | F26: Premium Cotton | G26: Size | H26: Medium 59"x36" | I26: FD2-BLKT-NAVY | L26: Shipmonk | N26: 0 | O26: 0 | P26: 0 | Q26: 0 | R26: 0
A27: wavestopper-blanket | B27: WaveStopperâ„¢ Blanket | C27: Color | D27: Royal Blue | E27: Fabric | F27: Premium Cotton | G27: Size | H27: Medium 59"x36" | I27: FD2-BLKT-NAVY | L27: Santa Monica Office | N27: 0 | O27: 0 | P27: 0 | Q27: 0 | R27: 0
A28: wavestopper-blanket | B28: WaveStopperâ„¢ Blanket | C28: Color | D28: Royal Blue | E28: Fabric | F28: Premium Cotton | G28: Size | H28: Medium 59"x36" | I28: FD2-BLKT-NAVY | L28: Fondue Fulfillment | N28: not stocked | O28: not stocked | P28: not stocked | Q28: not stocked | R28: not stocked
A29: wavestopper-blanket | B29: WaveStopperâ„¢ Blanket | C29: Color | D29: Royal Blue | E29: Fabric | F29: Premium Cotton | G29: Size | H29: Medium 59"x36" | I29: FD2-BLKT-NAVY | L29: Basic 3PL | N29: 0 | O29: 0 | P29: 1 | Q29: 0 | R29: 1
A30: wavestopper-blanket | B30: WaveStopperâ„¢ Blanket | C30: Color | D30: Burgundy | E30: Fabric | F30: Premium Cotton | G30: Size | H30: Medium 59"x36" | I30: FD2-BLKT-BORD | L30: Shipmonk | N30: 0 | O30: 0 | P30: 0 | Q30: 0 | R30: 0
A31: wavestopper-blanket | B31: WaveStopperâ„¢ Blanket | C31: Color | D31: Burgundy | E31: Fabric | F31: Premium Cotton | G31: Size | H31: Medium 59"x36" | I31: FD2-BLKT-BORD | L31: Santa Monica Office | N31: 0 | O31: 0 | P31: 0 | Q31: 0 | R31: 0
A32: wavestopper-blanket | B32: WaveStopperâ„¢ Blanket | C32: Color | D32: Burgundy | E32: Fabric | F32: Premium Cotton | G32: Size | H32: Medium 59"x36" | I32: FD2-BLKT-BORD | L32: Fondue Fulfillment | N32: not stocked | O32: not stocked | P32: not stocked | Q32: not stocked | R32: not stocked
A33: wavestopper-blanket | B33: WaveStopperâ„¢ Blanket | C33: Color | D33: Burgundy | E33: Fabric | F33: Premium Cotton | G33: Size | H33: Medium 59"x36" | I33: FD2-BLKT-BORD | L33: Basic 3PL | N33: 0 | O33: 0 | P33: 0 | Q33: 0 | R33: 0
A34: wavestopper-blanket | B34: WaveStopperâ„¢ Blanket | C34: Color | D34: Beige | E34: Fabric | F34: Premium Cotton | G34: Size | H34: Medium 59"x36" | I34: FD2-BLKT-BEI | L34: Shipmonk | N34: 0 | O34: 0 | P34: 0 | Q34: 0 | R34: 0
A35: wavestopper-blanket | B35: WaveStopperâ„¢ Blanket | C35: Color | D35: Beige | E35: Fabric | F35: Premium Cotton | G35: Size | H35: Medium 59"x36" | I35: FD2-BLKT-BEI | L35: Santa Monica Office | N35: 0 | O35: 0 | P35: 0 | Q35: 0 | R35: 0
A36: wavestopper-blanket | B36: WaveStopperâ„¢ Blanket | C36: Color | D36: Beige | E36: Fabric | F36: Premium Cotton | G36: Size | H36: Medium 59"x36" | I36: FD2-BLKT-BEI | L36: Fondue Fulfillment | N36: not stocked | O36: not stocked | P36: not stocked | Q36: not stocked | R36: not stocked
A37: wavestopper-blanket | B37: WaveStopperâ„¢ Blanket | C37: Color | D37: Beige | E37: Fabric | F37: Premium Cotton | G37: Size | H37: Medium 59"x36" | I37: FD2-BLKT-BEI | L37: Basic 3PL | N37: 0 | O37: 0 | P37: 13 | Q37: 196 | R37: 209
A38: wavestopper-blanket | B38: WaveStopperâ„¢ Blanket | C38: Color | D38: Heather Grey | E38: Fabric | F38: Premium Cotton | G38: Size | H38: Large 70"x60" | I38: FD2-BLKT-GRY-LARG | L38: Shipmonk | N38: 0 | O38: 0 | P38: 0 | Q38: 0 | R38: 0
A39: wavestopper-blanket | B39: WaveStopperâ„¢ Blanket | C39: Color | D39: Heather Grey | E39: Fabric | F39: Premium Cotton | G39: Size | H39: Large 70"x60" | I39: FD2-BLKT-GRY-LARG | L39: Santa Monica Office | N39: 0 | O39: 0 | P39: 0 | Q39: 0 | R39: 0
A40: wavestopper-blanket | B40: WaveStopperâ„¢ Blanket | C40: Color | D40: Heather Grey | E40: Fabric | F40: Premium Cotton | G40: Size | H40: Large 70"x60" | I40: FD2-BLKT-GRY-LARG | L40: Fondue Fulfillment | N40: not stocked | O40: not stocked | P40: not stocked | Q40: not stocked | R40: not stocked
A41: wavestopper-blanket | B41: WaveStopperâ„¢ Blanket | C41: Color | D41: Heather Grey | E41: Fabric | F41: Premium Cotton | G41: Size | H41: Large 70"x60" | I41: FD2-BLKT-GRY-LARG | L41: Basic 3PL | N41: 0 | O41: 0 | P41: 5 | Q41: 388 | R41: 393
A42: wavestopper-blanket | B42: WaveStopperâ„¢ Blanket | C42: Color | D42: Royal Blue | E42: Fabric | F42: Premium Cotton | G42: Size | H42: Large 70"x60" | I42: FD2-BLKT-NAVY-LARG | L42: Shipmonk | N42: 0 | O42: 0 | P42: 0 | Q42: 0 | R42: 0
A43: wavestopper-blanket | B43: WaveStopperâ„¢ Blanket | C43: Color | D43: Royal Blue | E43: Fabric | F43: Premium Cotton | G43: Size | H43: Large 70"x60" | I43: FD2-BLKT-NAVY-LARG | L43: Santa Monica Office | N43: 0 | O43: 0 | P43: 0 | Q43: 0 | R43: 0
A44: wavestopper-blanket | B44: WaveStopperâ„¢ Blanket | C44: Color | D44: Royal Blue | E44: Fabric | F44: Premium Cotton | G44: Size | H44: Large 70"x60" | I44: FD2-BLKT-NAVY-LARG | L44: Fondue Fulfillment | N44: not stocked | O44: not stocked | P44: not stocked | Q44: not stocked | R44: not stocked
A45: wavestopper-blanket | B45: WaveStopperâ„¢ Blanket | C45: Color | D45: Royal Blue | E45: Fabric | F45: Premium Cotton | G45: Size | H45: Large 70"x60" | I45: FD2-BLKT-NAVY-LARG | L45: Basic 3PL | N45: 0 | O45: 0 | P45: 1 | Q45: 0 | R45: 1
A46: wavestopper-blanket | B46: WaveStopperâ„¢ Blanket | C46: Color | D46: Burgundy | E46: Fabric | F46: Premium Cotton | G46: Size | H46: Large 70"x60" | I46: FD2-BLKT-BORD-LARG | L46: Shipmonk | N46: 0 | O46: 0 | P46: 0 | Q46: 0 | R46: 0
A47: wavestopper-blanket | B47: WaveStopperâ„¢ Blanket | C47: Color | D47: Burgundy | E47: Fabric | F47: Premium Cotton | G47: Size | H47: Large 70"x60" | I47: FD2-BLKT-BORD-LARG | L47: Santa Monica Office | N47: 0 | O47: 0 | P47: 0 | Q47: 0 | R47: 0
A48: wavestopper-blanket | B48: WaveStopperâ„¢ Blanket | C48: Color | D48: Burgundy | E48: Fabric | F48: Premium Cotton | G48: Size | H48: Large 70"x60" | I48: FD2-BLKT-BORD-LARG | L48: Fondue Fulfillment | N48: not stocked | O48: not stocked | P48: not stocked | Q48: not stocked | R48: not stocked
A49: wavestopper-blanket | B49: WaveStopperâ„¢ Blanket | C49: Color | D49: Burgundy | E49: Fabric | F49: Premium Cotton | G49: Size | H49: Large 70"x60" | I49: FD2-BLKT-BORD-LARG | L49: Basic 3PL | N49: 0 | O49: 0 | P49: 3 | Q49: 6 | R49: 9
A50: wavestopper-blanket | B50: WaveStopperâ„¢ Blanket | C50: Color | D50: Beige | E50: Fabric | F50: Premium Cotton | G50: Size | H50: Large 70"x60" | I50: FD2-BLKT-BEI-LARG | L50: Shipmonk | N50: 0 | O50: 0 | P50: 0 | Q50: 0 | R50: 0
A51: wavestopper-blanket | B51: WaveStopperâ„¢ Blanket | C51: Color | D51: Beige | E51: Fabric | F51: Premium Cotton | G51: Size | H51: Large 70"x60" | I51: FD2-BLKT-BEI-LARG | L51: Santa Monica Office | N51: 0 | O51: 0 | P51: 0 | Q51: 0 | R51: 0
A52: wavestopper-blanket | B52: WaveStopperâ„¢ Blanket | C52: Color | D52: Beige | E52: Fabric | F52: Premium Cotton | G52: Size | H52: Large 70"x60" | I52: FD2-BLKT-BEI-LARG | L52: Fondue Fulfillment | N52: not stocked | O52: not stocked | P52: not stocked | Q52: not stocked | R52: not stocked
A53: wavestopper-blanket | B53: WaveStopperâ„¢ Blanket | C53: Color | D53: Beige | E53: Fabric | F53: Premium Cotton | G53: Size | H53: Large 70"x60" | I53: FD2-BLKT-BEI-LARG | L53: Basic 3PL | N53: 0 | O53: 0 | P53: 2 | Q53: 422 | R53: 424
A54: wavestopper-lightweight-beanie | B54: WaveStopperâ„¢ Lightweight Beanie | C54: Color | D54: Forest Green | E54: size | F54: Adult | I54: FD-ULGHTBNE-GRN-1 | J54: 650500 | K54: CN | L54: Shipmonk | N54: 0 | O54: 0 | P54: 0 | Q54: 0 | R54: 0
A55: wavestopper-lightweight-beanie | B55: WaveStopperâ„¢ Lightweight Beanie | C55: Color | D55: Forest Green | E55: size | F55: Adult | I55: FD-ULGHTBNE-GRN-1 | J55: 650500 | K55: CN | L55: Santa Monica Office | N55: 0 | O55: 0 | P55: 0 | Q55: 0 | R55: 0
A56: wavestopper-lightweight-beanie | B56: WaveStopperâ„¢ Lightweight Beanie | C56: Color | D56: Forest Green | E56: size | F56: Adult | I56: FD-ULGHTBNE-GRN-1 | J56: 650500 | K56: CN | L56: Fondue Fulfillment | N56: not stocked | O56: not stocked | P56: not stocked | Q56: not stocked | R56: not stocked
A57: wavestopper-lightweight-beanie | B57: WaveStopperâ„¢ Lightweight Beanie | C57: Color | D57: Forest Green | E57: size | F57: Adult | I57: FD-ULGHTBNE-GRN-1 | J57: 650500 | K57: CN | L57: Basic 3PL | N57: 0 | O57: 0 | P57: 2 | Q57: 0 | R57: 2
A58: wavestopper-lightweight-beanie | B58: WaveStopperâ„¢ Lightweight Beanie | C58: Color | D58: Forest Green | E58: size | F58: Kids (3-12 Years) | J58: 650500 | K58: CN | L58: Shipmonk | N58: 0 | O58: 0 | P58: 0 | Q58: 0 | R58: 0
A59: wavestopper-lightweight-beanie | B59: WaveStopperâ„¢ Lightweight Beanie | C59: Color | D59: Forest Green | E59: size | F59: Kids (3-12 Years) | J59: 650500 | K59: CN | L59: Santa Monica Office | N59: 0 | O59: 0 | P59: 0 | Q59: 0 | R59: 0
A60: wavestopper-lightweight-beanie | B60: WaveStopperâ„¢ Lightweight Beanie | C60: Color | D60: Forest Green | E60: size | F60: Kids (3-12 Years) | J60: 650500 | K60: CN | L60: Fondue Fulfillment | N60: not stocked | O60: not stocked | P60: not stocked | Q60: not stocked | R60: not stocked
A61: wavestopper-lightweight-beanie | B61: WaveStopperâ„¢ Lightweight Beanie | C61: Color | D61: Forest Green | E61: size | F61: Kids (3-12 Years) | J61: 650500 | K61: CN | L61: Basic 3PL | N61: 0 | O61: 0 | P61: 0 | Q61: 0 | R61: 0
A62: wavestopper-lightweight-beanie | B62: WaveStopperâ„¢ Lightweight Beanie | C62: Color | D62: Beige | E62: size | F62: Adult | I62: FD-ULGHTBNE-BEI-1 | J62: 650500 | K62: CN | L62: Shipmonk | N62: 0 | O62: 0 | P62: 0 | Q62: 0 | R62: 0
A63: wavestopper-lightweight-beanie | B63: WaveStopperâ„¢ Lightweight Beanie | C63: Color | D63: Beige | E63: size | F63: Adult | I63: FD-ULGHTBNE-BEI-1 | J63: 650500 | K63: CN | L63: Santa Monica Office | N63: 0 | O63: 0 | P63: 0 | Q63: 0 | R63: 0
A64: wavestopper-lightweight-beanie | B64: WaveStopperâ„¢ Lightweight Beanie | C64: Color | D64: Beige | E64: size | F64: Adult | I64: FD-ULGHTBNE-BEI-1 | J64: 650500 | K64: CN | L64: Fondue Fulfillment | N64: not stocked | O64: not stocked | P64: not stocked | Q64: not stocked | R64: not stocked
A65: wavestopper-lightweight-beanie | B65: WaveStopperâ„¢ Lightweight Beanie | C65: Color | D65: Beige | E65: size | F65: Adult | I65: FD-ULGHTBNE-BEI-1 | J65: 650500 | K65: CN | L65: Basic 3PL | N65: 0 | O65: 0 | P65: 1 | Q65: 6 | R65: 7
A66: wavestopper-lightweight-beanie | B66: WaveStopperâ„¢ Lightweight Beanie | C66: Color | D66: Beige | E66: size | F66: Kids (3-12 Years) | J66: 650500 | K66: CN | L66: Shipmonk | N66: 0 | O66: 0 | P66: 0 | Q66: 0 | R66: 0
A67: wavestopper-lightweight-beanie | B67: WaveStopperâ„¢ Lightweight Beanie | C67: Color | D67: Beige | E67: size | F67: Kids (3-12 Years) | J67: 650500 | K67: CN | L67: Santa Monica Office | N67: 0 | O67: 0 | P67: 0 | Q67: 0 | R67: 0
A68: wavestopper-lightweight-beanie | B68: WaveStopperâ„¢ Lightweight Beanie | C68: Color | D68: Beige | E68: size | F68: Kids (3-12 Years) | J68: 650500 | K68: CN | L68: Fondue Fulfillment | N68: not stocked | O68: not stocked | P68: not stocked | Q68: not stocked | R68: not stocked
A69: wavestopper-lightweight-beanie | B69: WaveStopperâ„¢ Lightweight Beanie | C69: Color | D69: Beige | E69: size | F69: Kids (3-12 Years) | J69: 650500 | K69: CN | L69: Basic 3PL | N69: 0 | O69: 0 | P69: 0 | Q69: 0 | R69: 0
A70: wavestopper-beanie | B70: WaveStopperâ„¢ Beanie | C70: Style | D70: Beige Ribbed | I70: FD2-UBNE-BEI-1 | J70: 650500 | K70: CN | L70: Shipmonk | N70: 0 | O70: 0 | P70: 0 | Q70: 0 | R70: 0
A71: wavestopper-beanie | B71: WaveStopperâ„¢ Beanie | C71: Style | D71: Beige Ribbed | I71: FD2-UBNE-BEI-1 | J71: 650500 | K71: CN | L71: Santa Monica Office | N71: not stocked | O71: not stocked | P71: not stocked | Q71: not stocked | R71: not stocked
A72: wavestopper-beanie | B72: WaveStopperâ„¢ Beanie | C72: Style | D72: Beige Ribbed | I72: FD2-UBNE-BEI-1 | J72: 650500 | K72: CN | L72: Fondue Fulfillment | N72: not stocked | O72: not stocked | P72: not stocked | Q72: not stocked | R72: not stocked
A73: wavestopper-beanie | B73: WaveStopperâ„¢ Beanie | C73: Style | D73: Beige Ribbed | I73: FD2-UBNE-BEI-1 | J73: 650500 | K73: CN | L73: Basic 3PL | N73: 0 | O73: 0 | P73: 0 | Q73: 934 | R73: 934
A74: wavestopper-beanie | B74: WaveStopperâ„¢ Beanie | C74: Style | D74: Blue Ribbed | I74: FD2-UBNE-NAV-1 | J74: 650500 | K74: CN | L74: Shipmonk | N74: 0 | O74: 0 | P74: 0 | Q74: 0 | R74: 0
A75: wavestopper-beanie | B75: WaveStopperâ„¢ Beanie | C75: Style | D75: Blue Ribbed | I75: FD2-UBNE-NAV-1 | J75: 650500 | K75: CN | L75: Santa Monica Office | N75: not stocked | O75: not stocked | P75: not stocked | Q75: not stocked | R75: not stocked
A76: wavestopper-beanie | B76: WaveStopperâ„¢ Beanie | C76: Style | D76: Blue Ribbed | I76: FD2-UBNE-NAV-1 | J76: 650500 | K76: CN | L76: Fondue Fulfillment | N76: not stocked | O76: not stocked | P76: not stocked | Q76: not stocked | R76: not stocked
A77: wavestopper-beanie | B77: WaveStopperâ„¢ Beanie | C77: Style | D77: Blue Ribbed | I77: FD2-UBNE-NAV-1 | J77: 650500 | K77: CN | L77: Basic 3PL | N77: 0 | O77: 0 | P77: 2 | Q77: 272 | R77: 274
A78: wavestopper-cap | B78: WaveStopperâ„¢ Cap | C78: Color | D78: Light Purple | I78: FD-UCAP-PUR-1 | J78: 650500 | K78: CN | L78: Shipmonk | N78: 0 | O78: 0 | P78: 0 | Q78: 0 | R78: 0
A79: wavestopper-cap | B79: WaveStopperâ„¢ Cap | C79: Color | D79: Light Purple | I79: FD-UCAP-PUR-1 | J79: 650500 | K79: CN | L79: Santa Monica Office | N79: not stocked | O79: not stocked | P79: not stocked | Q79: not stocked | R79: not stocked
A80: wavestopper-cap | B80: WaveStopperâ„¢ Cap | C80: Color | D80: Light Purple | I80: FD-UCAP-PUR-1 | J80: 650500 | K80: CN | L80: Fondue Fulfillment | N80: not stocked | O80: not stocked | P80: not stocked | Q80: not stocked | R80: not stocked
A81: wavestopper-cap | B81: WaveStopperâ„¢ Cap | C81: Color | D81: Light Purple | I81: FD-UCAP-PUR-1 | J81: 650500 | K81: CN | L81: Basic 3PL | N81: 0 | O81: 0 | P81: 9 | Q81: 334 | R81: 343
A82: wavestopper-cap | B82: WaveStopperâ„¢ Cap | C82: Color | D82: Espresso Brown | I82: FD-UCAP-BRW-1 | J82: 650500 | K82: CN | L82: Shipmonk | N82: 0 | O82: 0 | P82: 0 | Q82: 0 | R82: 0
A83: wavestopper-cap | B83: WaveStopperâ„¢ Cap | C83: Color | D83: Espresso Brown | I83: FD-UCAP-BRW-1 | J83: 650500 | K83: CN | L83: Santa Monica Office | N83: not stocked | O83: not stocked | P83: not stocked | Q83: not stocked | R83: not stocked
A84: wavestopper-cap | B84: WaveStopperâ„¢ Cap | C84: Color | D84: Espresso Brown | I84: FD-UCAP-BRW-1 | J84: 650500 | K84: CN | L84: Fondue Fulfillment | N84: not stocked | O84: not stocked | P84: not stocked | Q84: not stocked | R84: not stocked
A85: wavestopper-cap | B85: WaveStopperâ„¢ Cap | C85: Color | D85: Espresso Brown | I85: FD-UCAP-BRW-1 | J85: 650500 | K85: CN | L85: Basic 3PL | N85: 0 | O85: 0 | P85: 8 | Q85: 473 | R85: 481
A86: wavestopper-lightweight-beanie | B86: WaveStopperâ„¢ Lightweight Beanie | C86: Color | D86: Saffron | E86: size | F86: Kids (3-12 Years) | J86: 650500 | K86: CN | L86: Shipmonk | N86: 0 | O86: 0 | P86: 0 | Q86: 0 | R86: 0
A87: wavestopper-lightweight-beanie | B87: WaveStopperâ„¢ Lightweight Beanie | C87: Color | D87: Saffron | E87: size | F87: Kids (3-12 Years) | J87: 650500 | K87: CN | L87: Santa Monica Office | N87: 0 | O87: 0 | P87: 0 | Q87: 0 | R87: 0
A88: wavestopper-lightweight-beanie | B88: WaveStopperâ„¢ Lightweight Beanie | C88: Color | D88: Saffron | E88: size | F88: Kids (3-12 Years) | J88: 650500 | K88: CN | L88: Fondue Fulfillment | N88: not stocked | O88: not stocked | P88: not stocked | Q88: not stocked | R88: not stocked
A89: wavestopper-lightweight-beanie | B89: WaveStopperâ„¢ Lightweight Beanie | C89: Color | D89: Saffron | E89: size | F89: Kids (3-12 Years) | J89: 650500 | K89: CN | L89: Basic 3PL | N89: 0 | O89: 0 | P89: 0 | Q89: 0 | R89: 0
A90: havn-wavestopperâ„¢-laptop-pad | B90: HAVN WaveStopperâ„¢ Laptop Pad | C90: Title | D90: Default Title | I90: WSTP-LTPPD-BLK | L90: Shipmonk | N90: 0 | O90: 0 | P90: 0 | Q90: 0 | R90: 0
A91: havn-wavestopperâ„¢-laptop-pad | B91: HAVN WaveStopperâ„¢ Laptop Pad | C91: Title | D91: Default Title | I91: WSTP-LTPPD-BLK | L91: Santa Monica Office | N91: 0 | O91: 0 | P91: 0 | Q91: 0 | R91: 0
A92: havn-wavestopperâ„¢-laptop-pad | B92: HAVN WaveStopperâ„¢ Laptop Pad | C92: Title | D92: Default Title | I92: WSTP-LTPPD-BLK | L92: Fondue Fulfillment | N92: not stocked | O92: not stocked | P92: not stocked | Q92: not stocked | R92: not stocked
A93: havn-wavestopperâ„¢-laptop-pad | B93: HAVN WaveStopperâ„¢ Laptop Pad | C93: Title | D93: Default Title | I93: WSTP-LTPPD-BLK | L93: Basic 3PL | N93: 0 | O93: 0 | P93: 0 | Q93: 404 | R93: 404
A94: havn-wavestopperâ„¢-blanket | B94: HAVN WaveStopperâ„¢ Blanket | C94: Color | D94: Heather Grey | E94: Fabric | F94: Original SoftBlend | G94: Size | H94: Medium 59"x36" | I94: FD-BLKT-GRY | L94: Shipmonk | N94: 0 | O94: 0 | P94: 0 | Q94: 0 | R94: 0
A95: havn-wavestopperâ„¢-blanket | B95: HAVN WaveStopperâ„¢ Blanket | C95: Color | D95: Heather Grey | E95: Fabric | F95: Original SoftBlend | G95: Size | H95: Medium 59"x36" | I95: FD-BLKT-GRY | L95: Santa Monica Office | N95: 0 | O95: 0 | P95: 0 | Q95: 0 | R95: 0
A96: havn-wavestopperâ„¢-blanket | B96: HAVN WaveStopperâ„¢ Blanket | C96: Color | D96: Heather Grey | E96: Fabric | F96: Original SoftBlend | G96: Size | H96: Medium 59"x36" | I96: FD-BLKT-GRY | L96: Fondue Fulfillment | N96: not stocked | O96: not stocked | P96: not stocked | Q96: not stocked | R96: not stocked
A97: havn-wavestopperâ„¢-blanket | B97: HAVN WaveStopperâ„¢ Blanket | C97: Color | D97: Heather Grey | E97: Fabric | F97: Original SoftBlend | G97: Size | H97: Medium 59"x36" | I97: FD-BLKT-GRY | L97: Basic 3PL | N97: 0 | O97: 0 | P97: 0 | Q97: 177 | R97: 177
A98: havn-wavestopperâ„¢-blanket | B98: HAVN WaveStopperâ„¢ Blanket | C98: Color | D98: Heather Grey | E98: Fabric | F98: Original SoftBlend | G98: Size | H98: Large 70"x60" | I98: FD-BLKT-GRY-LARG | L98: Shipmonk | N98: 0 | O98: 0 | P98: 0 | Q98: 0 | R98: 0
A99: havn-wavestopperâ„¢-blanket | B99: HAVN WaveStopperâ„¢ Blanket | C99: Color | D99: Heather Grey | E99: Fabric | F99: Original SoftBlend | G99: Size | H99: Large 70"x60" | I99: FD-BLKT-GRY-LARG | L99: Santa Monica Office | N99: 0 | O99: 0 | P99: 0 | Q99: 0 | R99: 0
A100: havn-wavestopperâ„¢-blanket | B100: HAVN WaveStopperâ„¢ Blanket | C100: Color | D100: Heather Grey | E100: Fabric | F100: Original SoftBlend | G100: Size | H100: Large 70"x60" | I100: FD-BLKT-GRY-LARG | L100: Fondue Fulfillment | N100: not stocked | O100: not stocked | P100: not stocked | Q100: not stocked | R100: not stocked
...
